Audit-Nr,Lead-Auditor,Lead-Auditee,Erstellt am,Bis
1,Coddington,Wolsey,6/23/2023,7/14/2023
2,Crocetti,Szach,2/16/2023,7/15/2023
3,Covet,Badini,8/8/2023,4/21/2023
4,Baudichon,Winsiowiecki,3/23/2023,4/18/2023
5,Philip,Shrubsall,1/29/2023,9/15/2023
6,Feria,Collelton,8/17/2023,11/18/2022
7,Velten,Plackstone,6/28/2023,11/14/2022
8,Sheasby,Streatley,10/21/2023,2/18/2023
9,Sutherden,Balstone,12/5/2022,11/6/2023
10,Davidi,Stealy,6/4/2023,3/29/2023
11,Oguz,Kestle,1/1/2023,10/9/2023
12,Pacher,Doudney,7/16/2023,9/9/2023
13,Veevers,Rubke,6/3/2023,7/8/2023
14,Mostyn,Fulstow,10/2/2023,4/15/2023
15,Deek,Thomazet,8/25/2023,3/22/2023
16,McKirdy,Hanscombe,6/27/2023,6/27/2023
17,Vail,Whiles,10/21/2023,3/16/2023
18,Jentgens,Kinglake,12/21/2022,3/14/2023
19,Allans,Glyssanne,1/1/2023,1/4/2023
20,Arkwright,Redford,12/6/2022,10/30/2023
21,Neads,Pratton,9/18/2023,1/23/2023
22,Strood,Curson,9/5/2023,12/27/2022
23,Bellanger,Polino,5/15/2023,8/24/2023
24,Frostdick,Worvell,9/28/2023,11/26/2022
25,Darnell,Gullifant,6/10/2023,3/15/2023
26,Braden,Pinckstone,6/3/2023,9/6/2023
27,Croney,Cobon,10/24/2023,2/27/2023
28,Cavanagh,Oxenford,3/8/2023,6/26/2023
29,Lodford,Dunphie,10/2/2023,9/18/2023
30,Melling,Vasilenko,11/10/2023,12/4/2022
31,Faulconbridge,Risen,5/30/2023,2/1/2023
32,Annetts,Bonn,4/30/2023,6/18/2023
33,Pixton,Mabone,1/6/2023,10/22/2023
34,Klewi,Galle,11/6/2023,2/23/2023
35,Annes,Brodbin,4/18/2023,6/1/2023
36,Garfield,Raspison,8/30/2023,10/14/2023
37,Pendle,Brightwell,12/5/2022,3/26/2023
38,Romero,Shillaber,5/9/2023,8/19/2023
39,Astlatt,Dewey,6/4/2023,11/12/2022
40,Toppin,MacIlhargy,10/11/2023,1/10/2023
41,Autie,Critoph,9/18/2023,11/3/2023
42,Singers,Winch,1/22/2023,4/28/2023
43,Mattiussi,Mayston,4/2/2023,1/9/2023
44,McKie,Myford,9/25/2023,9/3/2023
45,Riddall,Chiene,3/14/2023,12/2/2022
46,McSporon,Kennifick,1/9/2023,10/15/2023
47,Jennrich,Royce,10/21/2023,12/30/2022
48,Asty,Packham,2/23/2023,11/22/2022
49,Largen,Snodin,4/25/2023,4/18/2023
50,Saterthwait,Carty,11/21/2022,12/4/2022
